franchise_id,name,image_url
1,The 100,https://cdn.poppriceguide.com/guide/charimg/The100.jpg
2,101 Dalmations,https://cdn.poppriceguide.com/guide/charimg/101Dalmations.jpg
3,21 Jump Street,https://cdn.poppriceguide.com/guide/charimg/21JumpStreet.jpg
4,300,https://cdn.poppriceguide.com/guide/charimg/300.jpg
5,A Bugs Life,https://cdn.poppriceguide.com/guide/charimg/ABugsLife.jpg
6,A Christmas Story,https://cdn.poppriceguide.com/guide/charimg/AChristmasStory.jpg
7,A Nightmare on Elm Street,https://cdn.poppriceguide.com/guide/charimg/ANightmareonElmStreet.jpg
8,A&W,https://cdn.poppriceguide.com/guide/charimg/AW.jpg
9,The A-Team,https://cdn.poppriceguide.com/guide/charimg/TheATeam.jpg
10,Aaahh!!! Real Monsters,https://cdn.poppriceguide.com/guide/charimg/noimage.jpg
11,Ace Ventura,https://cdn.poppriceguide.com/guide/charimg/AceVentura.jpg
12,Adventure Time,https://cdn.poppriceguide.com/guide/charimg/AdventureTime.jpg
13,Aladdin,https://cdn.poppriceguide.com/guide/charimg/Aladdin.jpg
14,Alias,https://cdn.poppriceguide.com/guide/charimg/Alias.jpg
15,Alice in Wonderland,https://cdn.poppriceguide.com/guide/charimg/AliceinWonderland.jpg
16,Alien,https://cdn.poppriceguide.com/guide/charimg/Alien.jpg
17,Aloha Plate,https://cdn.poppriceguide.com/guide/charimg/AlohaPlate.jpg
18,Amazing Thailand,https://cdn.poppriceguide.com/guide/charimg/AmazingThailand.jpg
19,American Horror Story,https://cdn.poppriceguide.com/guide/charimg/AmericanHorrorStory.jpg
20,American Psycho,https://cdn.poppriceguide.com/guide/charimg/AmericanPsycho.jpg
21,An American Werewolf in London,https://cdn.poppriceguide.com/guide/charimg/AnAmericanWerewolfinLondon.jpg
22,Anchorman,https://cdn.poppriceguide.com/guide/charimg/Anchorman.jpg
23,Angry Birds,https://cdn.poppriceguide.com/guide/charimg/AngryBirds.jpg
24,Animaniacs,https://cdn.poppriceguide.com/guide/charimg/Animaniacs.jpg
25,Arrested Development,https://cdn.poppriceguide.com/guide/charimg/ArrestedDevelopment.jpg
26,Arrow,https://cdn.poppriceguide.com/guide/charimg/Arrow.jpg
27,Ash Vs. Evil Dead,https://cdn.poppriceguide.com/guide/charimg/AshVsEvilDead.jpg
28,Assassins Creed,https://cdn.poppriceguide.com/guide/charimg/AssassinsCreed.jpg
29,Asterix & Obelix,https://cdn.poppriceguide.com/guide/charimg/AsterixObelix.jpg
30,Astro Boy,https://cdn.poppriceguide.com/guide/charimg/Astro Boy.jpg
31,Attack on Titan,https://cdn.poppriceguide.com/guide/charimg/AttackonTitan.jpg
32,Austin Powers,https://cdn.poppriceguide.com/guide/charimg/AustinPowers.jpg
33,BabyMetal,https://cdn.poppriceguide.com/guide/charimg/BabyMetal.jpg
34,Back to the Future,https://cdn.poppriceguide.com/guide/charimg/BacktotheFuture.jpg
35,Bambi,https://cdn.poppriceguide.com/guide/charimg/Bambi.jpg
36,Banana Splits,https://cdn.poppriceguide.com/guide/charimg/BananaSplits.jpg
37,Bananya,https://cdn.poppriceguide.com/guide/charimg/noimage.jpg
38,Barbie,https://cdn.poppriceguide.com/guide/charimg/Barbie.jpg
39,Batman (Character),https://cdn.poppriceguide.com/guide/charimg/Batman.jpg
40,Batman vs Superman: Dawn of Justice,https://cdn.poppriceguide.com/guide/charimg/noimage.jpg
41,Battlestar Galactica,https://cdn.poppriceguide.com/guide/charimg/BattlestarGalactica.jpg
42,Baywatch,https://cdn.poppriceguide.com/guide/charimg/Baywatch.jpg
43,Beauty & the Beast,https://cdn.poppriceguide.com/guide/charimg/BeautytheBeast.jpg
44,Beavis & Butthead,https://cdn.poppriceguide.com/guide/charimg/BeavisButthead.jpg
45,Beetlejuice,https://cdn.poppriceguide.com/guide/charimg/Beetlejuice.jpg
46,Ben 10,https://cdn.poppriceguide.com/guide/charimg/Ben10.jpg
47,Betty Boop,https://cdn.poppriceguide.com/guide/charimg/Betty Boop.jpg
48,The Big Bang Theory,https://cdn.poppriceguide.com/guide/charimg/TheBigBangTheory.jpg
49,Big Boy,https://cdn.poppriceguide.com/guide/charimg/BigBoy.jpg
50,Big Hero 6,https://cdn.poppriceguide.com/guide/charimg/Big-Hero-6.jpg
51,The Big Lebowski,https://cdn.poppriceguide.com/guide/charimg/TheBigLebowski.jpg
52,Big Trouble in Little China,https://cdn.poppriceguide.com/guide/charimg/Big-Trouble-in-Little-China.jpg
53,Bill & Teds Excellent Adventure,https://cdn.poppriceguide.com/guide/charimg/BillTedsExcellentAdventure.jpg
54,Bioshock,https://cdn.poppriceguide.com/guide/charimg/Bioshock.jpg
55,Black Butler,https://cdn.poppriceguide.com/guide/charimg/BlackButler.jpg
56,The Blacklist,https://cdn.poppriceguide.com/guide/charimg/TheBlacklist.jpg
57,Blade Runner 2049,https://cdn.poppriceguide.com/guide/charimg/noimage.jpg
58,Bleach,https://cdn.poppriceguide.com/guide/charimg/Bleach.jpg
59,Bobs Burgers,https://cdn.poppriceguide.com/guide/charimg/BobsBurgers.jpg
60,BoJack Horseman,https://cdn.poppriceguide.com/guide/charimg/BoJackHorseman.jpg
61,The Book of Life,https://cdn.poppriceguide.com/guide/charimg/The-Book-of-Life.jpg
62,The Boondock Saints,https://cdn.poppriceguide.com/guide/charimg/TheBoondockSaints.jpg
63,Borderlands,https://cdn.poppriceguide.com/guide/charimg/Borderlands.jpg
64,Boss Baby,https://cdn.poppriceguide.com/guide/charimg/BossBaby.jpg
65,Boxtrolls,https://cdn.poppriceguide.com/guide/charimg/Boxtrolls.jpg
66,Brave,https://cdn.poppriceguide.com/guide/charimg/Brave.jpg
67,Braveheart,https://cdn.poppriceguide.com/guide/charimg/Braveheart.jpg
68,Bravest Warriors,https://cdn.poppriceguide.com/guide/charimg/BravestWarriors.jpg
69,Breakfast at Tiffanys,https://cdn.poppriceguide.com/guide/charimg/BreakfastatTiffanys.jpg
70,The Breakfast Club,https://cdn.poppriceguide.com/guide/charimg/TheBreakfastClub.jpg
71,Breaking Bad,https://cdn.poppriceguide.com/guide/charimg/BreakingBad.jpg
72,Bruce Lee,https://cdn.poppriceguide.com/guide/charimg/BruceLee.jpg
73,Buffy the Vampire Slayer,https://cdn.poppriceguide.com/guide/charimg/BuffytheVampireSlayer.jpg
74,Build-A-Bear,https://cdn.poppriceguide.com/guide/charimg/noimage.jpg
75,Burger King,https://cdn.poppriceguide.com/guide/charimg/BurgerKing.jpg
76,Call of Duty,https://cdn.poppriceguide.com/guide/charimg/CallofDuty.jpg
77,Captain Underpants,https://cdn.poppriceguide.com/guide/charimg/CaptainUnderpants.jpg
78,Carrie,https://cdn.poppriceguide.com/guide/charimg/noimage.jpg
79,Cars,https://cdn.poppriceguide.com/guide/charimg/Cars.jpg
80,Catdog,https://cdn.poppriceguide.com/guide/charimg/noimage.jpg
81,Celebrities,https://cdn.poppriceguide.com/guide/charimg/noimage.jpg
82,Chase Pieces,https://cdn.poppriceguide.com/guide/charimg/ChasePieces.jpg
83,Childs Play,https://cdn.poppriceguide.com/guide/charimg/Child-s Play.jpg
84,Childrens Hospital,https://cdn.poppriceguide.com/guide/charimg/ChildrensHospital.jpg
85,Chuck Norris,https://cdn.poppriceguide.com/guide/charimg/ChuckNorris.jpg
86,Cinderella,https://cdn.poppriceguide.com/guide/charimg/Cinderella.jpg
87,Clash of the Titans,https://cdn.poppriceguide.com/guide/charimg/ClashoftheTitans.jpg
88,Clockwork Orange,https://cdn.poppriceguide.com/guide/charimg/Clockwork-Orange.jpg
89,Clueless,https://cdn.poppriceguide.com/guide/charimg/Clueless.jpg
90,Coca-Cola,https://cdn.poppriceguide.com/guide/charimg/CocaCola.jpg
91,Comic Book Men,https://cdn.poppriceguide.com/guide/charimg/noimage.jpg
92,Conan OBrien,https://cdn.poppriceguide.com/guide/charimg/ConanOBrien.jpg
93,Conan the Barbarian,https://cdn.poppriceguide.com/guide/charimg/ConantheBarbarian.jpg
94,Cos FanX,https://cdn.poppriceguide.com/guide/charimg/noimage.jpg
95,Cowboy Bebop,https://cdn.poppriceguide.com/guide/charimg/CowboyBebop.jpg
96,Crimson Peak,https://cdn.poppriceguide.com/guide/charimg/CrimsonPeak.jpg
97,The Crow,https://cdn.poppriceguide.com/guide/charimg/The-Crow.jpg
98,The Dark Crystal,https://cdn.poppriceguide.com/guide/charimg/TheDarkCrystal.jpg
99,Dark Souls,https://cdn.poppriceguide.com/guide/charimg/DarkSouls.jpg
100,The Dark Tower,https://cdn.poppriceguide.com/guide/charimg/TheDarkTower.jpg
101,Darkwing Duck,https://cdn.poppriceguide.com/guide/charimg/noimage.jpg
102,The Day the Earth Stood Still,https://cdn.poppriceguide.com/guide/charimg/TheDaytheEarthStoodStill.jpg
103,DC Comics,https://cdn.poppriceguide.com/guide/charimg/DCComics.jpg
104,Deadpool,https://cdn.poppriceguide.com/guide/charimg/Deadpool.jpg
105,Death Note,https://cdn.poppriceguide.com/guide/charimg/DeathNote.jpg
106,Descendants,https://cdn.poppriceguide.com/guide/charimg/Descendants.jpg
107,Despicable Me / Minions,https://cdn.poppriceguide.com/guide/charimg/DespicableMe.jpg
108,Destiny,https://cdn.poppriceguide.com/guide/charimg/Destiny.jpg
109,Diablo,https://cdn.poppriceguide.com/guide/charimg/Diablo.jpg
110,Diary of a Wimpy Kid,https://cdn.poppriceguide.com/guide/charimg/DiaryofaWimpyKid.jpg
111,Dig Dug,https://cdn.poppriceguide.com/guide/charimg/DigDug.jpg
112,Dishonored,https://cdn.poppriceguide.com/guide/charimg/Dishonored.jpg
113,Disney,https://cdn.poppriceguide.com/guide/charimg/Disney.jpg
114,Doctor Who,https://cdn.poppriceguide.com/guide/charimg/DoctorWho.jpg
115,Dodgeball,https://cdn.poppriceguide.com/guide/charimg/Dodgeball.jpg
116,Domo,https://cdn.poppriceguide.com/guide/charimg/Domo.jpg
117,Donnie Darko,https://cdn.poppriceguide.com/guide/charimg/DonnieDarko.jpg
118,Doom,https://cdn.poppriceguide.com/guide/charimg/Doom.jpg
119,Dr. Seuss,https://cdn.poppriceguide.com/guide/charimg/DrSeuss.jpg
120,Dragonball,https://cdn.poppriceguide.com/guide/charimg/DragonballZ.jpg
121,Duck Dodgers,https://cdn.poppriceguide.com/guide/charimg/DuckDodgers.jpg
122,Duck Dynasty,https://cdn.poppriceguide.com/guide/charimg/DuckDynasty.jpg
123,DuckTales,https://cdn.poppriceguide.com/guide/charimg/noimage.jpg
124,Dumb and Dumber,https://cdn.poppriceguide.com/guide/charimg/DumbandDumber.jpg
125,Dumbo,https://cdn.poppriceguide.com/guide/charimg/Dumbo.jpg
126,E.T. The Extra Terrestrial,https://cdn.poppriceguide.com/guide/charimg/E-T--The-Extra-Terrestrial.jpg
127,ECCC,https://cdn.poppriceguide.com/guide/charimg/ECCC.jpg
128,Ed Roth,https://cdn.poppriceguide.com/guide/charimg/EdRoth.jpg
129,Edward Scissorhands,https://cdn.poppriceguide.com/guide/charimg/EdwardScissorhands.jpg
130,The Elder Scrolls,https://cdn.poppriceguide.com/guide/charimg/TheElderScrolls.jpg
131,Elena of Avalor,https://cdn.poppriceguide.com/guide/charimg/noimage.jpg
132,Elf,https://cdn.poppriceguide.com/guide/charimg/Elf.jpg
133,The Elf on the Shelf,https://cdn.poppriceguide.com/guide/charimg/TheElfontheShelf.jpg
134,Elvira Mistress of the Dark,https://cdn.poppriceguide.com/guide/charimg/ElviraMistressoftheDark.jpg
135,Enders Game,https://cdn.poppriceguide.com/guide/charimg/EndersGame.jpg
136,Escape From New York,https://cdn.poppriceguide.com/guide/charimg/Escape From New York.jpg
137,Evil Dead,https://cdn.poppriceguide.com/guide/charimg/EvilDead.jpg
138,Evolve,https://cdn.poppriceguide.com/guide/charimg/Evolve.jpg
139,The Exorcist,https://cdn.poppriceguide.com/guide/charimg/TheExorcist.jpg
140,Fairy Tail,https://cdn.poppriceguide.com/guide/charimg/FairyTail.jpg
141,Faithboy,https://cdn.poppriceguide.com/guide/charimg/noimage.jpg
142,Fallout,https://cdn.poppriceguide.com/guide/charimg/Fallout.jpg
143,Family Guy,https://cdn.poppriceguide.com/guide/charimg/FamilyGuy.jpg
144,Fantastic Beasts,https://cdn.poppriceguide.com/guide/charimg/FantasticBeasts.jpg
145,Fantastic Mr. Fox,https://cdn.poppriceguide.com/guide/charimg/Fantastic Mr- Fox.jpg
146,Fast & Furious,https://cdn.poppriceguide.com/guide/charimg/FastFurious.jpg
147,Fast Times at Ridgemont High,https://cdn.poppriceguide.com/guide/charimg/FastTimesatRidgemontHigh.jpg
148,Ferris Buellers Day Off,https://cdn.poppriceguide.com/guide/charimg/FerrisBuellersDayOff.jpg
149,The Fifth Element,https://cdn.poppriceguide.com/guide/charimg/TheFifthElement.jpg
150,Fight Club,https://cdn.poppriceguide.com/guide/charimg/FightClub.jpg
151,Finding Nemo,https://cdn.poppriceguide.com/guide/charimg/FindingNemo.jpg
152,Firefly,https://cdn.poppriceguide.com/guide/charimg/Firefly.jpg
153,Five Nights at Freddys,https://cdn.poppriceguide.com/guide/charimg/FiveNightsatFreddys.jpg
154,The Flash,https://cdn.poppriceguide.com/guide/charimg/TheFlash.jpg
155,Flash Gordon,https://cdn.poppriceguide.com/guide/charimg/FlashGordon.jpg
156,The Flintstones,https://cdn.poppriceguide.com/guide/charimg/TheFlintstones.jpg
157,The Fly,https://cdn.poppriceguide.com/guide/charimg/TheFly.jpg
158,FOOT: Phantom of the Forest,https://cdn.poppriceguide.com/guide/charimg/FOOTPhantomoftheForest.jpg
159,Forbidden Planet,https://cdn.poppriceguide.com/guide/charimg/ForbiddenPlanet.jpg
160,Fosters Home for Imaginary Friends,https://cdn.poppriceguide.com/guide/charimg/FostersHomeforImaginaryFriends.jpg
161,Freddy Funko,https://cdn.poppriceguide.com/guide/charimg/FreddyFunko.jpg
162,FreightCo Logistics,https://cdn.poppriceguide.com/guide/charimg/noimage.jpg
163,Friday the 13th,https://cdn.poppriceguide.com/guide/charimg/Friday the 13th.jpg
164,Friends,https://cdn.poppriceguide.com/guide/charimg/Friends.jpg
165,Frozen,https://cdn.poppriceguide.com/guide/charimg/Frozen.jpg
166,Funko,https://cdn.poppriceguide.com/guide/charimg/Funko.jpg
167,Funny Face,https://cdn.poppriceguide.com/guide/charimg/FunnyFace.jpg
168,Futurama,https://cdn.poppriceguide.com/guide/charimg/Futurama.jpg
169,G.I. Joe,https://cdn.poppriceguide.com/guide/charimg/GIJoe.jpg
170,Galaxy Quest,https://cdn.poppriceguide.com/guide/charimg/GalaxyQuest.jpg
171,Game of Thrones,https://cdn.poppriceguide.com/guide/charimg/GameofThrones.jpg
172,Garbage Pail Kids,https://cdn.poppriceguide.com/guide/charimg/GarbagePailKids.jpg
173,Gears of War,https://cdn.poppriceguide.com/guide/charimg/GearsofWar.jpg
174,General Mills,https://cdn.poppriceguide.com/guide/charimg/General Mills.jpg
175,Ghost in the Shell,https://cdn.poppriceguide.com/guide/charimg/GhostintheShell.jpg
176,Ghostbusters,https://cdn.poppriceguide.com/guide/charimg/Ghostbusters.jpg
177,Gigantor,https://cdn.poppriceguide.com/guide/charimg/Gigantor.jpg
178,Gilmore Girls,https://cdn.poppriceguide.com/guide/charimg/GilmoreGirls.jpg
179,God of War,https://cdn.poppriceguide.com/guide/charimg/GodofWar.jpg
180,The Godfather,https://cdn.poppriceguide.com/guide/charimg/TheGodfather.jpg
181,Godzilla,https://cdn.poppriceguide.com/guide/charimg/Godzilla.jpg
182,Golden Girls,https://cdn.poppriceguide.com/guide/charimg/GoldenGirls.jpg
183,The Good Dinosaur,https://cdn.poppriceguide.com/guide/charimg/TheGoodDinosaur.jpg
184,The Goonies,https://cdn.poppriceguide.com/guide/charimg/TheGoonies.jpg
185,Gortons,https://cdn.poppriceguide.com/guide/charimg/Gortons.jpg
186,Gotham,https://cdn.poppriceguide.com/guide/charimg/Gotham.jpg
187,Gravity Falls,https://cdn.poppriceguide.com/guide/charimg/GravityFalls.jpg
188,Gremlins,https://cdn.poppriceguide.com/guide/charimg/Gremlins.jpg
189,Guardians of the Galaxy,https://cdn.poppriceguide.com/guide/charimg/GuardiansoftheGalaxy.jpg
190,H.P. Lovecraft,https://cdn.poppriceguide.com/guide/charimg/H-P--Lovecraft.jpg
191,H.R. Pufnstuf,https://cdn.poppriceguide.com/guide/charimg/noimage.jpg
192,Halloween,https://cdn.poppriceguide.com/guide/charimg/Halloween.jpg
193,Halo,https://cdn.poppriceguide.com/guide/charimg/Halo.jpg
194,The Hangover,https://cdn.poppriceguide.com/guide/charimg/TheHangover.jpg
195,Hanna Barbera,https://cdn.poppriceguide.com/guide/charimg/HannaBarbera.jpg
196,Hannibal,https://cdn.poppriceguide.com/guide/charimg/Hannibal.jpg
197,Happy Tree Friends,https://cdn.poppriceguide.com/guide/charimg/HappyTreeFriends.jpg
198,Harry Potter,https://cdn.poppriceguide.com/guide/charimg/HarryPotter.jpg
199,The Hateful Eight,https://cdn.poppriceguide.com/guide/charimg/TheHatefulEight.jpg
200,Hellboy,https://cdn.poppriceguide.com/guide/charimg/noimage.jpg
201,Hellraiser,https://cdn.poppriceguide.com/guide/charimg/Hellraiser.jpg
202,Help!...Its the Hair Bear Bunch,https://cdn.poppriceguide.com/guide/charimg/HelpItstheHairBearBunch.jpg
203,Hercules,https://cdn.poppriceguide.com/guide/charimg/Hercules.jpg
204,The Hobbit,https://cdn.poppriceguide.com/guide/charimg/TheHobbit.jpg
205,Home Alone,https://cdn.poppriceguide.com/guide/charimg/noimage.jpg
206,Hot Fuzz,https://cdn.poppriceguide.com/guide/charimg/HotFuzz.jpg
207,House of 1000 Corpses,https://cdn.poppriceguide.com/guide/charimg/House of 1000 Corpses.jpg
208,How I Met Your Mother,https://cdn.poppriceguide.com/guide/charimg/HowIMetYourMother.jpg
209,How the Grinch Stole Christmas,https://cdn.poppriceguide.com/guide/charimg/HowtheGrinchStoleChristmas.jpg
210,How to Train Your Dragon,https://cdn.poppriceguide.com/guide/charimg/HowtoTrainYourDragon.jpg
211,The Hunger Games,https://cdn.poppriceguide.com/guide/charimg/TheHungerGames.jpg
212,Igor,https://cdn.poppriceguide.com/guide/charimg/Igor.jpg
213,The Incredibles,https://cdn.poppriceguide.com/guide/charimg/TheIncredibles.jpg
214,Independence Day,https://cdn.poppriceguide.com/guide/charimg/IndependenceDay.jpg
215,Indiana Jones,https://cdn.poppriceguide.com/guide/charimg/IndianaJones.jpg
216,Inside Out,https://cdn.poppriceguide.com/guide/charimg/InsideOut.jpg
217,Invader Zim,https://cdn.poppriceguide.com/guide/charimg/InvaderZim.jpg
218,The Iron Giant,https://cdn.poppriceguide.com/guide/charimg/TheIronGiant.jpg
219,IT,https://cdn.poppriceguide.com/guide/charimg/IT.jpg
220,iZombie,https://cdn.poppriceguide.com/guide/charimg/iZombie.jpg
221,Jaws,https://cdn.poppriceguide.com/guide/charimg/Jaws.jpg
222,Jay & Silent Bob,https://cdn.poppriceguide.com/guide/charimg/JaySilentBob.jpg
223,Jay Ward Cartoons,https://cdn.poppriceguide.com/guide/charimg/JayWardCartoons.jpg
224,Jersey Shore,https://cdn.poppriceguide.com/guide/charimg/JerseyShore.jpg
225,The Jetsons,https://cdn.poppriceguide.com/guide/charimg/TheJetsons.jpg
226,Jiangshi Hopping Ghosts,https://cdn.poppriceguide.com/guide/charimg/Jiangshi-Hopping-Ghosts.jpg
227,John Wick,https://cdn.poppriceguide.com/guide/charimg/JohnWick.jpg
228,Judge Dredd,https://cdn.poppriceguide.com/guide/charimg/Judge Dredd.jpg
229,Jumanji,https://cdn.poppriceguide.com/guide/charimg/noimage.jpg
230,The Jungle Book,https://cdn.poppriceguide.com/guide/charimg/TheJungleBook.jpg
231,Jupiter Ascending,https://cdn.poppriceguide.com/guide/charimg/Jupiter-Ascending.jpg
232,Justice League (2017 Film),https://cdn.poppriceguide.com/guide/charimg/noimage.jpg
233,The Karate Kid,https://cdn.poppriceguide.com/guide/charimg/TheKarateKid.jpg
234,Kelloggs,https://cdn.poppriceguide.com/guide/charimg/Kelloggs.jpg
235,Kick Ass,https://cdn.poppriceguide.com/guide/charimg/KickAss.jpg
236,Kill Bill,https://cdn.poppriceguide.com/guide/charimg/KillBill.jpg
237,King Kong,https://cdn.poppriceguide.com/guide/charimg/KingKong.jpg
238,Kingdom Hearts,https://cdn.poppriceguide.com/guide/charimg/KingdomHearts.jpg
239,Kingsman,https://cdn.poppriceguide.com/guide/charimg/Kingsman.jpg
240,KISS,https://cdn.poppriceguide.com/guide/charimg/KISS.jpg
241,Kleptocats,https://cdn.poppriceguide.com/guide/charimg/noimage.jpg
242,Krampus,https://cdn.poppriceguide.com/guide/charimg/noimage.jpg
243,Kung Fu Panda,https://cdn.poppriceguide.com/guide/charimg/KungFuPanda.jpg
244,Labyrinth,https://cdn.poppriceguide.com/guide/charimg/Labyrinth.jpg
245,Land of the Lost,https://cdn.poppriceguide.com/guide/charimg/LandoftheLost.jpg
246,Last Man Standing,https://cdn.poppriceguide.com/guide/charimg/LastManStanding.jpg
247,Last Week Tonight,https://cdn.poppriceguide.com/guide/charimg/LastWeekTonight.jpg
248,League of Legends,https://cdn.poppriceguide.com/guide/charimg/LeagueofLegends.jpg
249,The Leftovers,https://cdn.poppriceguide.com/guide/charimg/noimage.jpg
250,Legendary Creatures & Myths,https://cdn.poppriceguide.com/guide/charimg/Legendary-Creatures---Myths.jpg
251,Less Than Jake,https://cdn.poppriceguide.com/guide/charimg/LessThanJake.jpg
252,Lilo & Stitch,https://cdn.poppriceguide.com/guide/charimg/LiloStitch.jpg
253,The Lion King,https://cdn.poppriceguide.com/guide/charimg/TheLionKing.jpg
254,Little Big Planet,https://cdn.poppriceguide.com/guide/charimg/Little-Big-Planet.jpg
255,Little Mermaid,https://cdn.poppriceguide.com/guide/charimg/LittleMermaid.jpg
256,The Little Prince,https://cdn.poppriceguide.com/guide/charimg/TheLittlePrince.jpg
257,Looney Tunes,https://cdn.poppriceguide.com/guide/charimg/LooneyTunes.jpg
258,The Lord of the Rings,https://cdn.poppriceguide.com/guide/charimg/The-Lord-of-the-Rings.jpg
259,Lost,https://cdn.poppriceguide.com/guide/charimg/Lost.jpg
260,The Lost Boys,https://cdn.poppriceguide.com/guide/charimg/TheLostBoys.jpg
261,Lost in Space,https://cdn.poppriceguide.com/guide/charimg/LostinSpace.jpg
262,Magic the Gathering,https://cdn.poppriceguide.com/guide/charimg/MagictheGathering.jpg
263,Manny Pacquiao,https://cdn.poppriceguide.com/guide/charimg/MannyPacquiao.jpg
264,Mars Attacks!,https://cdn.poppriceguide.com/guide/charimg/MarsAttacks.jpg
265,Marvel,https://cdn.poppriceguide.com/guide/charimg/Marvel.jpg
266,Mass Effect,https://cdn.poppriceguide.com/guide/charimg/MassEffect.jpg
267,Masters of the Universe,https://cdn.poppriceguide.com/guide/charimg/MastersoftheUniverse.jpg
268,The Matrix,https://cdn.poppriceguide.com/guide/charimg/The-Matrix.jpg
269,McDonalds,https://cdn.poppriceguide.com/guide/charimg/McDonalds.jpg
270,Meal Magic,https://cdn.poppriceguide.com/guide/charimg/MealMagic.jpg
271,Mean Girls,https://cdn.poppriceguide.com/guide/charimg/MeanGirls.jpg
272,Mega Man,https://cdn.poppriceguide.com/guide/charimg/MegaMan.jpg
273,Mickey & Friends,https://cdn.poppriceguide.com/guide/charimg/MickeyFriends.jpg
274,Mighty Morphin Power Rangers,https://cdn.poppriceguide.com/guide/charimg/MightyMorphinPowerRangers.jpg
275,Mindstyle,https://cdn.poppriceguide.com/guide/charimg/Mindstyle.jpg
276,Miss Peregrines Home for Peculiar Children,https://cdn.poppriceguide.com/guide/charimg/MissPeregrinesHomeforPeculiarChildren.jpg
277,Mister Softee,https://cdn.poppriceguide.com/guide/charimg/MisterSoftee.jpg
278,MLB,https://cdn.poppriceguide.com/guide/charimg/MLB.jpg
279,Moana,https://cdn.poppriceguide.com/guide/charimg/Moana.jpg
280,Momotaro,https://cdn.poppriceguide.com/guide/charimg/Momotaro.jpg
281,Monkey King,https://cdn.poppriceguide.com/guide/charimg/Monkey-King.jpg
282,Monster High,https://cdn.poppriceguide.com/guide/charimg/MonsterHigh.jpg
283,Monsters University,https://cdn.poppriceguide.com/guide/charimg/MonstersUniversity.jpg
284,Monsters Inc.,https://cdn.poppriceguide.com/guide/charimg/MonstersInc.jpg
285,Monty Python,https://cdn.poppriceguide.com/guide/charimg/MontyPython.jpg
286,Mortal Kombat,https://cdn.poppriceguide.com/guide/charimg/MortalKombat.jpg
287,Mr. Robot,https://cdn.poppriceguide.com/guide/charimg/MrRobot.jpg
288,Mulan,https://cdn.poppriceguide.com/guide/charimg/Mulan.jpg
289,Munchkin,https://cdn.poppriceguide.com/guide/charimg/Munchkin.jpg
290,The Munsters,https://cdn.poppriceguide.com/guide/charimg/TheMunsters.jpg
291,The Muppets,https://cdn.poppriceguide.com/guide/charimg/TheMuppets.jpg
292,Musicians,https://cdn.poppriceguide.com/guide/charimg/Musicians.jpg
293,My Hero Academia,https://cdn.poppriceguide.com/guide/charimg/noimage.jpg
294,My Little Pony,https://cdn.poppriceguide.com/guide/charimg/MyLittlePony.jpg
295,Mystery Science Theater 3000,https://cdn.poppriceguide.com/guide/charimg/noimage.jpg
296,Napoleon Dynamite,https://cdn.poppriceguide.com/guide/charimg/NapoleonDynamite.jpg
297,Naruto,https://cdn.poppriceguide.com/guide/charimg/Naruto.jpg
298,National Lampoon,https://cdn.poppriceguide.com/guide/charimg/NationalLampoon.jpg
299,NBA,https://cdn.poppriceguide.com/guide/charimg/NBA.jpg
300,NFL,https://cdn.poppriceguide.com/guide/charimg/NFL.jpg
301,NHL,https://cdn.poppriceguide.com/guide/charimg/NHL.jpg
302,The Nightmare Before Christmas,https://cdn.poppriceguide.com/guide/charimg/NightmareBeforeChristmas.jpg
303,Nosferatu,https://cdn.poppriceguide.com/guide/charimg/Nosferatu.jpg
304,Omamori Dolls,https://cdn.poppriceguide.com/guide/charimg/Omamori-Dolls.jpg
305,Once Upon A Time,https://cdn.poppriceguide.com/guide/charimg/OnceUponATime.jpg
306,One Piece,https://cdn.poppriceguide.com/guide/charimg/OnePiece.jpg
307,One Punch Man,https://cdn.poppriceguide.com/guide/charimg/noimage.jpg
308,Orange Is the New Black,https://cdn.poppriceguide.com/guide/charimg/OrangeIstheNewBlack.jpg
309,Orphan Black,https://cdn.poppriceguide.com/guide/charimg/OrphanBlack.jpg
310,Osamu Tezuka,https://cdn.poppriceguide.com/guide/charimg/OsamuTezuka.jpg
311,Outlander,https://cdn.poppriceguide.com/guide/charimg/Outlander.jpg
312,Overwatch,https://cdn.poppriceguide.com/guide/charimg/Overwatch.jpg
313,Pac-Man,https://cdn.poppriceguide.com/guide/charimg/PacMan.jpg
314,Parks and Recreation,https://cdn.poppriceguide.com/guide/charimg/ParksandRecreation.jpg
315,Patrick Ballesteros,https://cdn.poppriceguide.com/guide/charimg/PatrickBallesteros.jpg
316,Peanuts,https://cdn.poppriceguide.com/guide/charimg/Peanuts.jpg
317,Penguins of Madagascar,https://cdn.poppriceguide.com/guide/charimg/Penguins-of-Madagascar.jpg
318,Peter Pan,https://cdn.poppriceguide.com/guide/charimg/PeterPan.jpg
319,Pez,https://cdn.poppriceguide.com/guide/charimg/Pez.jpg
320,Pinocchio,https://cdn.poppriceguide.com/guide/charimg/Pinocchio.jpg
321,Pirates of the Caribbean,https://cdn.poppriceguide.com/guide/charimg/PiratesoftheCaribbean.jpg
322,Pitch Perfect,https://cdn.poppriceguide.com/guide/charimg/PitchPerfect.jpg
323,Planet of the Apes,https://cdn.poppriceguide.com/guide/charimg/PlanetoftheApes.jpg
324,Plants Vs. Zombies,https://cdn.poppriceguide.com/guide/charimg/PlantsVsZombies.jpg
325,Pocahontas,https://cdn.poppriceguide.com/guide/charimg/Pocahontas.jpg
326,Pocket God,https://cdn.poppriceguide.com/guide/charimg/Pocket God.jpg
327,Politicians,https://cdn.poppriceguide.com/guide/charimg/Politicians.jpg
328,Popeye the Sailorman,https://cdn.poppriceguide.com/guide/charimg/PopeyetheSailorman.jpg
329,Portal,https://cdn.poppriceguide.com/guide/charimg/noimage.jpg
330,The Powerpuff Girls,https://cdn.poppriceguide.com/guide/charimg/ThePowerpuffGirls.jpg
331,Preacher,https://cdn.poppriceguide.com/guide/charimg/Preacher.jpg
332,Predator,https://cdn.poppriceguide.com/guide/charimg/Predator.jpg
333,Pride & Prejudice & Zombies,https://cdn.poppriceguide.com/guide/charimg/PrideandPrejudiceandZombies.jpg
334,Princess and the Frog,https://cdn.poppriceguide.com/guide/charimg/PrincessandtheFrog.jpg
335,Psycho,https://cdn.poppriceguide.com/guide/charimg/noimage.jpg
336,Pulp Fiction,https://cdn.poppriceguide.com/guide/charimg/PulpFiction.jpg
337,Q*Bert,https://cdn.poppriceguide.com/guide/charimg/QBert.jpg
338,Ratatouille,https://cdn.poppriceguide.com/guide/charimg/Ratatouille.jpg
339,Red Sonja,https://cdn.poppriceguide.com/guide/charimg/RedSonja.jpg
340,Regular Show,https://cdn.poppriceguide.com/guide/charimg/RegularShow.jpg
341,Ren & Stimpy,https://cdn.poppriceguide.com/guide/charimg/RenStimpy.jpg
342,Resident Evil,https://cdn.poppriceguide.com/guide/charimg/ResidentEvil.jpg
343,Rick and Morty,https://cdn.poppriceguide.com/guide/charimg/RickandMorty.jpg
344,Robin Hood,https://cdn.poppriceguide.com/guide/charimg/Robin-Hood.jpg
345,Robocop,https://cdn.poppriceguide.com/guide/charimg/Robocop.jpg
346,The Rocketeer,https://cdn.poppriceguide.com/guide/charimg/TheRocketeer.jpg
347,Rocky,https://cdn.poppriceguide.com/guide/charimg/Rocky.jpg
348,The Rocky Horror Picture Show,https://cdn.poppriceguide.com/guide/charimg/RockyHorrorPictureShow.jpg
349,Ron English,https://cdn.poppriceguide.com/guide/charimg/RonEnglish.jpg
350,Rooster Teeth,https://cdn.poppriceguide.com/guide/charimg/RoosterTeeth.jpg
351,Rudolph the Red Nosed Reindeer,https://cdn.poppriceguide.com/guide/charimg/RudolphtheRedNosedReindeer.jpg
352,Rugrats,https://cdn.poppriceguide.com/guide/charimg/Rugrats.jpg
353,Sailor Moon,https://cdn.poppriceguide.com/guide/charimg/SailorMoon.jpg
354,Sanrio,https://cdn.poppriceguide.com/guide/charimg/Sanrio.jpg
355,Saved by The Bell,https://cdn.poppriceguide.com/guide/charimg/SavedbyTheBell.jpg
356,Saw,https://cdn.poppriceguide.com/guide/charimg/Saw.jpg
357,Say Anything...,https://cdn.poppriceguide.com/guide/charimg/SayAnything.jpg
358,Scarface,https://cdn.poppriceguide.com/guide/charimg/Scarface.jpg
359,Scooby Doo,https://cdn.poppriceguide.com/guide/charimg/ScoobyDoo.jpg
360,Scott Pilgrim VS the World,https://cdn.poppriceguide.com/guide/charimg/ScottPilgrimVStheWorld.jpg
361,Scream,https://cdn.poppriceguide.com/guide/charimg/Scream.jpg
362,Scribblenauts,https://cdn.poppriceguide.com/guide/charimg/Scribblenauts.jpg
363,Secret Base,https://cdn.poppriceguide.com/guide/charimg/SecretBase.jpg
364,The Secret Life of Pets,https://cdn.poppriceguide.com/guide/charimg/TheSecretLifeofPets.jpg
365,Seinfeld,https://cdn.poppriceguide.com/guide/charimg/Seinfeld.jpg
366,Seraph of the End,https://cdn.poppriceguide.com/guide/charimg/SeraphoftheEnd.jpg
367,Sesame Street,https://cdn.poppriceguide.com/guide/charimg/Sesame-Street.jpg
368,Shaolin Legends,https://cdn.poppriceguide.com/guide/charimg/Shaolin-Legends.jpg
369,Sharknado,https://cdn.poppriceguide.com/guide/charimg/Sharknado.jpg
370,Shaun of the Dead,https://cdn.poppriceguide.com/guide/charimg/ShaunoftheDead.jpg
371,Sherlock,https://cdn.poppriceguide.com/guide/charimg/Sherlock.jpg
372,The Shining,https://cdn.poppriceguide.com/guide/charimg/TheShining.jpg
373,Shopkins,https://cdn.poppriceguide.com/guide/charimg/noimage.jpg
374,Shrek,https://cdn.poppriceguide.com/guide/charimg/Shrek.jpg
375,Silicon Valley,https://cdn.poppriceguide.com/guide/charimg/SiliconValley.jpg
376,The Simpsons,https://cdn.poppriceguide.com/guide/charimg/TheSimpsons.jpg
377,Sixteen Candles,https://cdn.poppriceguide.com/guide/charimg/Sixteen-Candles.jpg
378,Sleeping Beauty,https://cdn.poppriceguide.com/guide/charimg/SleepingBeauty.jpg
379,Smart Alex,https://cdn.poppriceguide.com/guide/charimg/SmartAlex.jpg
380,The Smurfs,https://cdn.poppriceguide.com/guide/charimg/noimage.jpg
381,Snow White,https://cdn.poppriceguide.com/guide/charimg/SnowWhite.jpg
382,Son Of Zorn,https://cdn.poppriceguide.com/guide/charimg/SonOfZorn.jpg
383,Sonic the Hedgehog,https://cdn.poppriceguide.com/guide/charimg/SonictheHedgehog.jpg
384,Sons of Anarchy,https://cdn.poppriceguide.com/guide/charimg/SonsofAnarchy.jpg
385,Soul Eater,https://cdn.poppriceguide.com/guide/charimg/SoulEater.jpg
386,South Park,https://cdn.poppriceguide.com/guide/charimg/SouthPark.jpg
387,Space Ghost,https://cdn.poppriceguide.com/guide/charimg/SpaceGhost.jpg
388,Space Jam,https://cdn.poppriceguide.com/guide/charimg/SpaceJam.jpg
389,Speed Racer,https://cdn.poppriceguide.com/guide/charimg/SpeedRacer.jpg
390,Spongebob Squarepants,https://cdn.poppriceguide.com/guide/charimg/SpongebobSquarepants.jpg
391,Sports Mascots,https://cdn.poppriceguide.com/guide/charimg/SportsMascots.jpg
392,Stan Lee,https://cdn.poppriceguide.com/guide/charimg/StanLee.jpg
393,Star Trek,https://cdn.poppriceguide.com/guide/charimg/StarTrek.jpg
394,Star Wars,https://cdn.poppriceguide.com/guide/charimg/StarWars.jpg
395,Starcraft,https://cdn.poppriceguide.com/guide/charimg/Starcraft.jpg
396,Step Brothers,https://cdn.poppriceguide.com/guide/charimg/StepBrothers.jpg
397,Steven Universe,https://cdn.poppriceguide.com/guide/charimg/StevenUniverse.jpg
398,The Strain,https://cdn.poppriceguide.com/guide/charimg/TheStrain.jpg
399,Stranger Things,https://cdn.poppriceguide.com/guide/charimg/StrangerThings.jpg
400,Strawberry Shortcake,https://cdn.poppriceguide.com/guide/charimg/StrawberryShortcake.jpg
401,Street Fighter,https://cdn.poppriceguide.com/guide/charimg/StreetFighter.jpg
402,Suicide Squad,https://cdn.poppriceguide.com/guide/charimg/SuicideSquad.jpg
403,Superbad,https://cdn.poppriceguide.com/guide/charimg/Superbad.jpg
404,Supernatural,https://cdn.poppriceguide.com/guide/charimg/Supernatural.jpg
405,Surprise,https://cdn.poppriceguide.com/guide/charimg/Surprise.jpg
406,Sword Art Online,https://cdn.poppriceguide.com/guide/charimg/SwordArtOnline.jpg
407,Talladega Nights,https://cdn.poppriceguide.com/guide/charimg/TalladegaNights.jpg
408,Tangled,https://cdn.poppriceguide.com/guide/charimg/Tangled.jpg
409,Taxi Driver,https://cdn.poppriceguide.com/guide/charimg/TaxiDriver.jpg
410,Team Fortress,https://cdn.poppriceguide.com/guide/charimg/noimage.jpg
411,Ted,https://cdn.poppriceguide.com/guide/charimg/Ted.jpg
412,Teen Titans Go!,https://cdn.poppriceguide.com/guide/charimg/TeenTitansGo.jpg
413,Teen Wolf,https://cdn.poppriceguide.com/guide/charimg/noimage.jpg
414,Teenage Mutant Ninja Turtles,https://cdn.poppriceguide.com/guide/charimg/TeenageMutantNinjaTurtles.jpg
415,Tekken,https://cdn.poppriceguide.com/guide/charimg/Tekken.jpg
416,Terminator,https://cdn.poppriceguide.com/guide/charimg/Terminator.jpg
417,The Texas Chainsaw Massacre,https://cdn.poppriceguide.com/guide/charimg/TheTexasChainsawMassacre.jpg
418,Three Kingdoms,https://cdn.poppriceguide.com/guide/charimg/Three-Kingdoms.jpg
419,Thundercats,https://cdn.poppriceguide.com/guide/charimg/Thundercats.jpg
420,Titanfall,https://cdn.poppriceguide.com/guide/charimg/Titanfall.jpg
421,Tokyo Ghoul,https://cdn.poppriceguide.com/guide/charimg/TokyoGhoul.jpg
422,Tomb Raider,https://cdn.poppriceguide.com/guide/charimg/TombRaider.jpg
423,Tomorrowland,https://cdn.poppriceguide.com/guide/charimg/Tomorrowland.jpg
424,Toy Story,https://cdn.poppriceguide.com/guide/charimg/ToyStory.jpg
425,Transformers,https://cdn.poppriceguide.com/guide/charimg/Transformers.jpg
426,Trick R Treat,https://cdn.poppriceguide.com/guide/charimg/TrickRTreat.jpg
427,TrollHunters,https://cdn.poppriceguide.com/guide/charimg/noimage.jpg
428,Tron,https://cdn.poppriceguide.com/guide/charimg/Tron.jpg
429,True Blood,https://cdn.poppriceguide.com/guide/charimg/TrueBlood.jpg
430,Twilight,https://cdn.poppriceguide.com/guide/charimg/Twilight.jpg
431,Twin Peaks,https://cdn.poppriceguide.com/guide/charimg/TwinPeaks.jpg
432,UFC,https://cdn.poppriceguide.com/guide/charimg/UFC.jpg
433,Uglydoll,https://cdn.poppriceguide.com/guide/charimg/Uglydoll.jpg
434,Ultraman,https://cdn.poppriceguide.com/guide/charimg/Ultraman.jpg
435,Uncharted,https://cdn.poppriceguide.com/guide/charimg/Uncharted.jpg
436,Underdog,https://cdn.poppriceguide.com/guide/charimg/Underdog.jpg
437,Universal Monsters,https://cdn.poppriceguide.com/guide/charimg/UniversalMonsters.jpg
438,Up,https://cdn.poppriceguide.com/guide/charimg/Up.jpg
439,Valerian,https://cdn.poppriceguide.com/guide/charimg/noimage.jpg
440,Vikings,https://cdn.poppriceguide.com/guide/charimg/Vikings.jpg
441,Vocaloids,https://cdn.poppriceguide.com/guide/charimg/Vocaloids.jpg
442,Voltron,https://cdn.poppriceguide.com/guide/charimg/Voltron.jpg
443,The Walking Dead,https://cdn.poppriceguide.com/guide/charimg/TheWalkingDead.jpg
444,Wall-E,https://cdn.poppriceguide.com/guide/charimg/WallE.jpg
445,Warner Bros.,https://cdn.poppriceguide.com/guide/charimg/WarnerBros.jpg
446,Webmedx,https://cdn.poppriceguide.com/guide/charimg/Webmedx.jpg
447,Westworld,https://cdn.poppriceguide.com/guide/charimg/Westworld.jpg
448,Wetmore,https://cdn.poppriceguide.com/guide/charimg/noimage.jpg
449,Where the Wild Things Are,https://cdn.poppriceguide.com/guide/charimg/WheretheWildThingsAre.jpg
450,Who Framed Roger Rabbit?,https://cdn.poppriceguide.com/guide/charimg/WhoFramedRogerRabbit.jpg
451,Willy Wonka,https://cdn.poppriceguide.com/guide/charimg/WillyWonka.jpg
452,Winnie the Pooh,https://cdn.poppriceguide.com/guide/charimg/WinniethePooh.jpg
453,The Witcher,https://cdn.poppriceguide.com/guide/charimg/TheWitcher.jpg
454,The Wizard of Oz,https://cdn.poppriceguide.com/guide/charimg/TheWizardofOz.jpg
455,Wonder Woman (2017 Film),https://cdn.poppriceguide.com/guide/charimg/noimage.jpg
456,Workaholics,https://cdn.poppriceguide.com/guide/charimg/noimage.jpg
457,World of Warcraft,https://cdn.poppriceguide.com/guide/charimg/WorldofWarcraft.jpg
458,Wreck-It Ralph,https://cdn.poppriceguide.com/guide/charimg/WreckItRalph.jpg
459,WWE,https://cdn.poppriceguide.com/guide/charimg/WWE.jpg
460,X-Files,https://cdn.poppriceguide.com/guide/charimg/X-Files.jpg
461,The Year Without Santa Claus,https://cdn.poppriceguide.com/guide/charimg/TheYearWithoutSantaClaus.jpg
462,Yo Gabba Gabba,https://cdn.poppriceguide.com/guide/charimg/YoGabbaGabba.jpg
463,Young Frankenstein,https://cdn.poppriceguide.com/guide/charimg/YoungFrankenstein.jpg
464,Zootopia,https://cdn.poppriceguide.com/guide/charimg/Zootopia.jpg
465,Annabelle,https://cdn.poppriceguide.com/guide/charimg/noimage.jpg
466,The Black Hole,https://cdn.poppriceguide.com/guide/charimg/noimage.jpg
467,Buddy Thunderstruck,https://cdn.poppriceguide.com/guide/charimg/noimage.jpg
468,Chip and Dales Rescue Rangers,https://cdn.poppriceguide.com/guide/charimg/noimage.jpg
469,Coco,https://cdn.poppriceguide.com/guide/charimg/noimage.jpg
470,College Mascots,https://cdn.poppriceguide.com/guide/charimg/noimage.jpg
471,Crash Bandicoot,https://cdn.poppriceguide.com/guide/charimg/noimage.jpg
472,Cuphead,https://cdn.poppriceguide.com/guide/charimg/noimage.jpg
473,Hello Neighbor,https://cdn.poppriceguide.com/guide/charimg/noimage.jpg
474,Horizon Zero Dawn,https://cdn.poppriceguide.com/guide/charimg/noimage.jpg
475,The Joy of Painting,https://cdn.poppriceguide.com/guide/charimg/noimage.jpg
476,Marvel Vs Capcom,https://cdn.poppriceguide.com/guide/charimg/noimage.jpg
477,TaleSpin,https://cdn.poppriceguide.com/guide/charimg/noimage.jpg
478,Yuri on Ice!!!,https://cdn.poppriceguide.com/guide/charimg/noimage.jpg
